병원이름,주소,응급의료기관 종류,전화번호 1,전화번호 3,위도,경도
(의)내경의료재단울산제일병원,울산광역시 남구 남산로354번길 26 (신정동),응급실운영신고기관,052-220-3300,052-220-3334,35.54823820112527,129.30701143429678
(의)서일의료재단기장병원,부산광역시 기장군 기장읍 대청로72번길 6,지역응급의료기관,051-723-0171,051-723-2119,35.23602946449906,129.21649161387128
(의)성세의료재단 뉴성민병원,"인천광역시 서구 칠천왕로33번길 17 (석남동, 신석로 70(석남1동, 성민병원))",지역응급의료기관,032-726-1000,032-726-1190,37.5089936801167,126.669478649026
(의)영문의료재단다보스병원,"경기도 용인시 처인구 백옥대로1082번길 18, 다보스종합병원 (김량장동)",지역응급의료센터,031-8021-2114,031-8021-2130,37.234641294534285,127.21049868474802
(의)효심의료재단용인서울병원,경기도 용인시 처인구 고림로 81 (고림동),지역응급의료기관,031-337-0114,031-336-0119,37.240316373,127.2144914405
(재)미리내천주성삼성직수도회천주성삼병원,"대구광역시 수성구 달구벌대로 3190 (신매동, 천주성삼병원)",지역응급의료기관,053-790-1000,053-790-0555,35.84022544517349,128.70573339664242
KS병원,광주광역시 광산구 왕버들로 220 (수완동),지역응급의료센터,062-975-9000,062-975-9119,35.197963178976366,126.83322475289853
가톨릭관동대학교국제성모병원,"인천광역시 서구 심곡로100번길 25 (심곡동, 인천국제성모병원)",지역응급의료센터,1600-8291,032-290-3065,37.542372653918065,126.68360486878781
가톨릭대학교 인천성모병원,인천광역시 부평구 동수로 56 (부평동),지역응급의료센터,032-280-6364,032-280-6107,37.4845586499062,126.724708130675
가톨릭대학교부천성모병원,"경기도 부천시 원미구 소사로 327, 가톨릭대학교 부천성모병원 (소사동)",지역응급의료센터,032-1577-0675,032-340-2100,37.4874477394264,126.79243459154999
가톨릭대학교성빈센트병원,경기도 수원시 팔달구 중부대로 93 (지동),지역응급의료센터,031-1577-8588,031-249-7370,37.27792234538125,127.02744945028702
가톨릭대학교여의도성모병원,"서울특별시 영등포구 63로 10, 여의도성모병원 (여의도동)",지역응급의료센터,1661-7575,02-3779-1188,37.51827233800711,126.93673129599131
가톨릭대학교은평성모병원,서울특별시 은평구 통일로 1021 (진관동),지역응급의료센터,02-1811-7755,02-1811-7755,37.633608409726854,126.91615048739686
가톨릭대학교의정부성모병원,"경기도 의정부시 천보로 271, 의정부성모병원 (금오동)",권역응급의료센터,1661-7500,031-820-5200,37.75865547828227,127.07767290194454
강남고려병원,서울특별시 관악구 관악로 242 (봉천동),응급실운영신고기관,1661-8267,02-874-7227,37.4856188363947,126.956781703053
강남더드림병원,"서울특별시 강남구 선릉로 404, 더드림병원 (대치동)",응급실운영신고기관,02-1661-1177,070-4676-5002,37.5009902618151,127.050967336445
강남베드로병원,"서울특별시 강남구 남부순환로 2649, 베드로병원 (도곡동)",응급실운영신고기관,1544-7522,1544-7522,37.485612179925724,127.0395873429168
강남병원,"경기도 용인시 기흥구 중부대로 411, 강남병원 (신갈동)",지역응급의료센터,031-300-0114,031-300-0119,37.27377983891884,127.11140719951389
강남종합병원,"대구광역시 동구 동촌로 207, 강남병원 (방촌동)",지역응급의료기관,053-980-9000,053-980-9018,35.88300855242191,128.66345602650745
강남힐병원,"서울특별시 관악구 남부순환로 1449, 강남힐병원 (신림동)",응급실운영신고기관,02-853-4600,02-853-9100,37.4816513439454,126.911648078471
강동경희대학교의대병원,서울특별시 강동구 동남로 892 (상일동),권역응급의료센터,02-440-7114,02-440-7000,37.5520459324005,127.157084787845
강릉아산병원,강원특별자치도 강릉시 사천면 방동길 38,권역응급의료센터,033-610-3114,033-610-3333,37.818426685036066,128.85771413305145
강병원,경상남도 고성군 고성읍 중앙로 49,지역응급의료기관,055-673-0101,055-673-4848,34.97415924940364,128.32528942283565
강북삼성병원,서울특별시 종로구 새문안로 29 (평동),지역응급의료센터,02-2001-2001,02-2001-1000,37.568497631233825,126.96793805451702
강북으뜸병원,"서울특별시 강북구 도봉로 187, 지하1층, 2층~5층 (미아동)",응급실운영신고기관,02-986-0334,02-986-0334,37.6254205559935,127.026184524499
강서케이병원,"서울특별시 강서구 가로공원로 187, 나누리강서병원 지1층~7층 (화곡동)",응급실운영신고기관,02-1833-7530,02-6905-8585,37.5373576230977,126.836699017573
강원대학교병원,강원특별자치도 춘천시 백령로 156 (효자동),지역응급의료센터,033-258-2000,033-258-2245,37.87497158192399,127.74448573764938
강원특별자치도강릉의료원,강원특별자치도 강릉시 경강로 2007 (남문동),지역응급의료기관,033-610-1200,033-610-1234,37.74931042017154,128.8887963251862
강원특별자치도삼척의료원,강원특별자치도 삼척시 오십천로 418 (남양동),지역응급의료센터,033-572-1141,033-570-7431,37.44027922704624,129.16370014395005
강원특별자치도속초의료원,강원특별자치도 속초시 영랑호반길 3 (영랑동),지역응급의료센터,033-630-6000,033-630-6036,38.21622784728713,128.5891194514502
강원특별자치도영월의료원,강원특별자치도 영월군 영월읍 중앙1로 59-  ( ),지역응급의료기관,033-370-9101,033-370-9129,37.186588403987926,128.46530529870284
강원특별자치도원주의료원,"강원특별자치도 원주시 서원대로 387 (개운동, 지방공사강원도원주의료원)",지역응급의료기관,033-761-6911,033-760-4701,37.332496031537154,127.94896203327231
강일병원,경상남도 김해시 가락로 359 (구산동),지역응급의료기관,055-822-0100,055-822-0119,35.2567043538,128.869611099
거창적십자병원,경상남도 거창군 거창읍 중앙로 91,지역응급의료기관,0559443251,055-949-3359,35.686801911628535,127.90877080146283
건국대학교병원,서울특별시 광진구 능동로 120-1 (화양동),지역응급의료센터,1588-1533,02-2030-5555,37.54084479467721,127.0721229093036
건국대학교충주병원,충청북도 충주시 국원대로 82 (교현동),지역응급의료센터,043-840-8593,043-840-8330,36.97897509717851,127.92863660615964
검단탑병원,인천광역시 서구 청마로19번길 5 (당하동),지역응급의료센터,032-590-0114,032-590-0077,37.59241914491385,126.6710400927469
경기도의료원수원병원,경기도 수원시 장안구 수성로245번길 69 (정자동),지역응급의료기관,031-888-0114,031-888-0119,37.29188165276277,126.99638776108885
경기도의료원안성병원,"경기도 안성시 남파로 95, 경기도의료원 안성병원 (당왕동)",지역응급의료기관,031-8046-5000,031-8046-5119,37.01736702955601,127.26033944589187
경기도의료원의정부병원,경기도 의정부시 흥선로 142 (의정부동),지역응급의료기관,0318285000,031-828-5119,37.74108830096243,127.04255485020957
경기도의료원이천병원,경기도 이천시 경충대로 2742 (관고동),지역응급의료센터,031-630-4200,031-630-4333,37.282694444444445,127.43266388888888
경기도의료원파주병원,"경기도 파주시 중앙로 207, 경기도립의료원파주병원 (금촌동)",지역응급의료센터,031-940-9100,031-940-9119,37.7548802103,126.779637936
경기도의료원포천병원,경기도 포천시 포천로 1648 (신읍동),지역응급의료센터,031-539-9114,031-539-9119,37.903264018475866,127.1983186069986
경북대학교병원,"대구광역시 중구 동덕로 130 (삼덕동2가, 경북대학교병원)",권역응급의료센터,053-200-5114,053-200-5100,35.866235497221617,128.60431466100362
경상국립대학교병원,경상남도 진주시 강남로 79 (칠암동),권역응급의료센터,055-750-8000,055-750-8282,35.176340165507916,128.09564813723503
경상남도마산의료원,경상남도 창원시 마산합포구 3·15대로 231 (중앙동3가),지역응급의료기관,055-249-1000,055-249-1119,35.19906819846745,128.56551976148475
경상북도김천의료원,경상북도 김천시 모암길 24 (모암동),지역응급의료기관,054-432-8901,054-429-8234,36.12249076001089,128.12649330522635
경상북도안동의료원,"경상북도 안동시 태사2길 55 (북문동, 470)",지역응급의료기관,054-850-6000,054-850-6100,36.56826733448251,128.73213342858523
경상북도포항의료원,"경상북도 포항시 북구 용흥로 36 (용흥동, (용흥동))",지역응급의료기관,054-247-0551,054-245-0129,36.03462413480262,129.3549930430143
경찰병원,"서울특별시 송파구 송이로 123, 국립경찰병원 (가락동)",지역응급의료기관,02-3400-1114,02-3400-1300,37.496413213560785,127.12348793503201
경희대학교병원,서울특별시 동대문구 경희대로 23 (회기동),지역응급의료센터,02-958-8114,02-958-8114,37.5938765502235,127.05183223390303
계명대학교경주동산병원,경상북도 경주시 봉황로 65 (서부동),응급실운영신고기관,054-770-9500,054-770-9420,35.84545696334947,129.20964031186756
계명대학교대구동산병원,"대구광역시 중구 달성로 56, 계명대학교대구동산병원 (동산동)",지역응급의료기관,053-250-8114,053-250-8481,35.869459650891685,128.5829311080459
계명대학교동산병원,대구광역시 달서구 달구벌대로 1035 (신당동),지역응급의료센터,1577-6622,053-258-6301,35.85388728949212,128.48012966656532
고려대학교의과대학부속구로병원,"서울특별시 구로구 구로동로 148, 고려대부속구로병원 (구로동)",권역응급의료센터,02-2626-1114,02-2626-1550,37.49211114525054,126.8847449363546
고려대학교의과대학부속안산병원,경기도 안산시 단원구 적금로 123 (고잔동),권역응급의료센터,031-1577-7516,031-412-5381,37.31885818300129,126.8250018362211
고신대학교복음병원,부산광역시 서구 감천로 262 (암남동),지역응급의료센터,051-990-6114,051-990-6200,35.08029169184386,129.01572016067405
곡성사랑병원,전라남도 곡성군 곡성읍 곡성로 761,지역응급의료기관,061-360-6000,061-360-6008,35.27628370526432,127.2879760334259
곽병원,대구광역시 중구 국채보상로 531 (수동),지역응급의료기관,053-252-2401,053-605-3333,35.870693147975665,128.58872807724623
광명성애병원,"경기도 광명시 디지털로 36, 광명성애병원 (철산동)",지역응급의료센터,02-2680-7114,02-2680-7115,37.4734614743463,126.87192258470483
광양사랑병원,전라남도 광양시 공영로 71 (중동),지역응급의료기관,061-797-7000,061-797-7119,34.93614549410383,127.6969510970332
광주기독병원,광주광역시 남구 양림로 37 (양림동),지역응급의료센터,062-650-5000,062-650-5119,35.136682861070376,126.91198438867642
광주병원,광주광역시 북구 면앙로139번길 51 (두암동),지역응급의료기관,062-260-7000,062-260-7119,35.178949208210625,126.9281507303555
광주보훈병원,광주광역시 광산구 첨단월봉로 99 (산월동),지역응급의료기관,062-602-6021,062-602-6119,35.207797211036485,126.84947860623933
광주센트럴병원,"광주광역시 광산구 수완로 6, A동1,3,5,6층/B동동 (신가동)",지역응급의료기관,062-950-9700,062-960-5119,35.185893735732634,126.82909951503984
광주수완병원,광주광역시 광산구 임방울대로 370 (수완동),지역응급의료기관,062-958-1111,062-958-1119,35.19303617477934,126.82420927535313
광주씨티병원,광주광역시 남구 서문대로654번길 5 (진월동),지역응급의료기관,062-460-7000,062-460-7119,35.11776253778263,126.8995475485602
광주열린병원,광주광역시 광산구 송도로 271 (송정동),응급실운영신고기관,062-610-9000,062-610-9119,35.13768234340966,126.79889471288638
광주일곡병원,광주광역시 북구 양일로 309 (일곡동),지역응급의료기관,062-608-7013,062-608-7119,35.20286119554041,126.89760857687219
광주한국병원,광주광역시 서구 월드컵4강로 223 (쌍촌동),지역응급의료기관,062-380-3000,062-380-3119,35.15618108764772,126.86880878336211
광주현대병원,광주광역시 북구 설죽로 291 (용봉동),지역응급의료기관,062-570-0336,062-570-0119,35.18565646419727,126.89798149528589
광주희망병원,광주광역시 북구 하서로 429 (용두동),지역응급의료기관,062-608-6000,062-608-6119,35.21344678097714,126.87471568685204
구례병원,전라남도 구례군 구례읍 동편제길 4,지역응급의료기관,061780-3300,061-780-3200,35.215900947788214,127.46406009751603
구로성심병원,"서울특별시 구로구 경인로 427, 구로성심병원 (고척동)",지역응급의료기관,02-2067-1500,02-2067-1515,37.49964578669388,126.86636039556485
구미강동병원,경상북도 구미시 인동20길 46 (진평동),지역응급의료기관,054-453-7575,054-478-9521,36.096198858616574,128.42297791647263
구포성심병원,부산광역시 북구 낙동대로 1786 (구포동),지역응급의료기관,051-330-2001,051-330-2090,35.20971002878793,129.0047510374652
국군수도병원,경기도 성남시 분당구 새마을로177번길 81 (율동),지역응급의료기관,031-725-6075,031-725-6119,37.39186666666668,127.14858611111111
국립암센터,경기도 고양시 일산동구 일산로 323 (마두동),지역응급의료기관,031-920-0114,031-920-0119,37.664170778165285,126.78327945120733
국립중앙의료원,"서울특별시 중구 을지로 245, 국립중앙의료원 (을지로6가)",지역응급의료센터,02-2260-7114,02-2276-2114,37.56733955813183,127.00579539705472
국민건강보험공단일산병원,"경기도 고양시 일산동구 일산로 100 (백석동,백석1동 1241외1필지 4층)",권역응급의료센터,1577-0013,031-900-0761,37.64530592402248,126.792204040477
굿모닝병원,울산광역시 남구 삼산로 110 (달동),응급실운영신고기관,052-259-9000,052-259-9119,35.535010719916684,129.31995893362847
근로복지공단 창원병원,경상남도 창원시 성산구 창원대로 721 (중앙동),응급실운영신고기관,055-280-7777,055-280-0400,35.21861866618743,128.6715437456084
근로복지공단대전병원,대전광역시 대덕구 계족로 637 (법동),응급실운영신고기관,042-670-5419,042-670-5119,36.36857686754784,127.42849985514822
근로복지공단동해병원,"강원특별자치도 동해시 하평로 11-  (평릉동, (평릉동))",지역응급의료기관,033-530-3100,033-530-3119,37.53232311891651,129.1058560226859
근로복지공단순천병원,전라남도 순천시 조례1길 24 (조례동),응급실운영신고기관,061-720-7575,,34.960325022571,127.524525911996
근로복지공단안산병원,"경기도 안산시 상록구 구룡로 87, 근로복지공단안산병원 (일동)",지역응급의료기관,031-500-1114,031-500-1119,37.31687107499767,126.87402848671928
근로복지공단인천병원,인천광역시 부평구 무네미로 446 (구산동),응급실운영신고기관,032-500-0114,,37.476349746510174,126.75331590774624
근로복지공단정선병원,강원특별자치도 정선군 정선읍 봉양1길 145,지역응급의료기관,033-560-7100,033-560-7150,37.3829238141538,128.658420530712
근로복지공단태백병원,강원특별자치도 태백시 보드미길 8 (장성동),지역응급의료기관,033-580-3114,033-580-3119,37.10404228529155,129.0042870499601
금일마취통증의학과의원,"전라남도 완도군 금일읍 감목길 5, 금일마취통증의학과의원",응급실운영신고기관,061-553-3577,,34.349483798831656,127.0297611902535
기쁨병원,"서울특별시 서초구 서초중앙로 4, 기쁨병원 (서초동)",응급실운영신고기관,02-570-1234,,37.482713030212,127.018063486739
김제우석병원,전북특별자치도 김제시 서암4길 45 (서암동),지역응급의료기관,063-540-5114,063-540-5119,35.80673935689978,126.87969956139741
나사렛종합병원,"대구광역시 달서구 월배로 97, 나사렛병원 (진천동)",지역응급의료기관,053-643-1400,053-643-3119,35.8147002604042,128.525094795643
나은필병원,"충청남도 천안시 동남구 만남로 64, 1층일부,4~9층 (신부동)",응급실운영신고기관,041-417-0001,041-417-1191,36.8191502671463,127.159326385319
나주종합병원,전라남도 나주시 영산로 5419 (성북동),지역응급의료기관,061-330-6114,061-330-6112,35.036402777777781,126.721436111111117
남양주한양병원,경기도 남양주시 오남읍 양지로 47-55,지역응급의료센터,031-510-0114,031-510-0119,37.682380941575715,127.2043136287129
노원을지대학교병원,"서울특별시 노원구 한글비석로 68, 을지병원 (하계동)",지역응급의료센터,02-970-8000,02-970-8282,37.636442927386746,127.07000281991385
녹색병원,서울특별시 중랑구 사가정로49길 53 (면목동),지역응급의료기관,02-490-2000,02-490-2113,37.58362083896108,127.08605546969357
뉴대성병원,"경기도 부천시 원미구 부천로 91, ,부흥로373번길18, 부흥로377(기존디에스병원A동) (심곡동)",응급실운영신고기관,032-610-1111,032-610-1100,37.492016398433044,126.78381841037
단국대학교의과대학부속병원,"충청남도 천안시 동남구 망향로 201 (안서동, 단국대학교의과대학부속병원)",권역응급의료센터,041-550-7114,041-550-6840,36.84295215169462,127.17327537305154
단양군보건의료원,"충청북도 단양군 단양읍 삼봉로 53, 단양군보건의료원",응급실운영신고기관,043-420-3201,,36.984540593096746,128.36667620351827
담양사랑병원,전라남도 담양군 담양읍 천변7길 19,지역응급의료기관,061-380-9000,061-380-9119,35.31524596036869,126.98263077003997
당진종합병원,충청남도 당진시 반촌로 5-15 (시곡동),지역응급의료센터,041-357-0100,041-358-3624,36.90439755063778,126.68435813411776
대구가톨릭대학교병원,대구광역시 남구 두류공원로17길 33 (대명동),지역응급의료센터,053-650-3000,053-650-3025,35.843065593522674,128.56742621424615
대구가톨릭대학교칠곡가톨릭병원,대구광역시 북구 칠곡중앙대로 440 (읍내동),지역응급의료기관,053-320-2500,053-320-2111,35.934879518784534,128.54925198548904
대구굿모닝병원,대구광역시 남구 성당로 224 (대명동),지역응급의료기관,053-620-9100,053-620-9119,35.85296709243215,128.5740666762668
대구의료원,대구광역시 서구 평리로 157 (중리동),지역응급의료기관,053-560-7575,053-560-7288,35.859623434747526,128.5405609266984
대구파티마병원,대구광역시 동구 아양로 99 (신암동),지역응급의료센터,053-1688-7770,053-940-7119,35.88393360650045,128.62383509209542
대동병원,부산광역시 동래구 충렬대로 187 (명륜동),지역응급의료센터,051-554-1233,051-550-9391,35.204273174435535,129.08021549527504
대림성모병원,"서울특별시 영등포구 시흥대로 657 (대림동, 대림성모병원)",지역응급의료기관,02-829-9000,02-829-9129,37.49068925436284,126.90716948025135
대송의료재단무안병원,전라남도 무안군 무안읍 몽탄로 65,지역응급의료기관,061-450-3000,061-450-3119,34.99175918279295,126.48926066040337
대아의료재단한도병원,경기도 안산시 단원구 선부광장로 103 (선부동),지역응급의료센터,031-8040-1114,031-8040-1129,37.334033447174896,126.80765584591039
대자인병원,"전북특별자치도 전주시 덕진구 견훤로 390 (우아동3가,(우아동3가))",지역응급의료센터,063-240-2000,063-250-8701,35.84599245880299,127.153316348062
대전보훈병원,대전광역시 대덕구 대청로82번길 147 (신탄진동),지역응급의료기관,042-939-0111,042-939-0100,36.4469365928189,127.43940812262
대전한국병원,대전광역시 동구 동서대로 1672 (성남동),지역응급의료기관,042-606-1000,042-606-1119,36.34831776122198,127.43575049626224
대전화병원,대전광역시 동구 동대전로 39 (신안동),응급실운영신고기관,042-620-7575,070-7609-3531,36.328994974921144,127.43918933617724
대진의료재단분당제생병원,경기도 성남시 분당구 서현로180번길 20 (서현동),지역응급의료센터,031-779-0114,031-779-0119,37.387871379956906,127.12132819639598
대청병원,"대전광역시 서구 계백로 1322 (정림동, 대청병원)",지역응급의료기관,1899-6075,042-589-0119,36.308286328996566,127.37055327992432
더 조은병원,경상남도 고성군 고성읍 동외로 142,응급실운영신고기관,055-672-1111,055-804-8888,34.97372179164495,128.3262148441529
더블유병원,"대구광역시 달서구 달구벌대로 1632, 1634(2~7층) 더블유병원 (감삼동)",지역응급의료기관,053-550-5000,053-550-5019,35.85264247289801,128.54496871658273
동국대학교의과대학경주병원,경상북도 경주시 동대로 87 (석장동),지역응급의료센터,054-748-9300,054-770-8306,35.85839884416154,129.19669937927446
동국대학교일산불교병원,"경기도 고양시 일산동구 동국로 27 (식사동, 동국대학교일산병원)",지역응급의료센터,031-1577-7000,031-961-7777,37.67643677699999,126.8055658392
동남권원자력의학원원자력병원,부산광역시 기장군 장안읍 좌동길 40,지역응급의료기관,051-720-5114,051-720-5911,35.321418988977406,129.24364922146094
동두천중앙성모병원,경기도 동두천시 동광로 53 (생연동),응급실운영신고기관,031-863-0550,031-863-1339,37.90888404022765,127.05398051509534
동래봉생병원,부산광역시 동래구 안연로109번길 27 (안락동),지역응급의료기관,051-531-6000,051-520-5700,35.19694647632553,129.0961666077834
동아대학교병원,부산광역시 서구 대신공원로 26 (동대신동3가),권역응급의료센터,051-240-2400,051-240-5300,35.12000583968841,129.01760368790894
동아병원,광주광역시 남구 대남대로 238 (백운동),지역응급의료기관,062-650-2500,062-650-2515,35.1347601218069,126.89990593135208
동안산병원,경기도 안산시 상록구 월피로 88 (월피동),응급실운영신고기관,031-410-1116,031-413-1116,37.3356927564414,126.852680642321
드림종합병원,대구광역시 남구 대명로 153 (대명동),지역응급의료기관,053-640-8800,053-640-8575,35.8396345121582,128.5743546304414
매듭병원,"경기도 수원시 영통구 태장로 68, 매듭병원 (망포동)",응급실운영신고기관,031-1800-9909,031-546-0030,37.2389316890871,127.05354381098
메가병원,경상남도 김해시 계동로 237 (대청동),응급실운영신고기관,055-903-9000,055-903-9079,35.19136230343627,128.80394805433366
메디인병원,경기도 파주시 금릉역로 190(금촌동),지역응급의료기관,0319431191,031-570-7912,37.75804616829998,126.7748532614
명주병원,경기도 용인시 처인구 금령로39번길 8-6(김량장동),지역응급의료센터,1522-8119,1522-8119,37.235142740879226,127.2010438256969
명지성모병원,"서울특별시 영등포구 도림로 156, 명지성모병원 (대림동)",지역응급의료기관,1899-1475,02-829-7800,37.4938507104387,126.89925446922592
목포기독병원,전라남도 목포시 백년대로 303 (상동),지역응급의료기관,061-280-7500,061-280-7119,34.80450726279005,126.4204245807054
목포시의료원,"전라남도 목포시 이로로 18 (용해동, (용해동))",지역응급의료기관,061-260-6500,061-260-6400,34.80395500792446,126.40538707879497
목포한국병원,전라남도 목포시 영산로 483 (상동),권역응급의료센터,061-270-5500,061-270-5666,34.8092145829474,126.4163391650001
무주군보건의료원,"전북특별자치도 무주군 무주읍 한풍루로 413, 무주군보건의료원",지역응급의료기관,063-320-8314,063-320-8315,36.00586316008286,127.67170265153939
무척조은병원,경기도 파주시 문산읍 방촌로 1675-20,응급실운영신고기관,031-954-1400,031-954-1400,37.86396621605936,126.78097787974224
문산중앙병원,"경기도 파주시 문산읍 문향로39번길 53, 문산중앙병원",응급실운영신고기관,031-950-9000,031-950-9099,37.85424810677575,126.78322857702757
미래로21병원,광주광역시 서구 화운로 1 (화정동),지역응급의료기관,062-450-1000,062-450-1119,35.14102639112141,126.88528864095338
미즈메디병원,서울특별시 강서구 강서로 295 (내발산동),응급실운영신고기관,02-2007-1252,02-2007-1118,37.55225379358291,126.83602535156236
바른마디병원,경기도 성남시 중원구 광명로 330 (금광동),응급실운영신고기관,031-735-9110,,37.445269636513494,127.16256645920153
바른병원,"경기도 이천시 경충대로 2543, 바른병원 (진리동)",응급실운영신고기관,031-630-0300,031-630-0399,37.27373314023728,127.45038927398872
반도병원,경상남도 진주시 남강로 701 (장대동),지역응급의료기관,0557476000,055-749-0200,35.19175352096591,128.08828232510143
베데스다복음병원,경상남도 양산시 신기로 28 (신기동),응급실운영신고기관,055-384-9901,,35.3532221786617,129.04356811738057
보성아산병원,전라남도 보성군 미력면 가평길 36-17,지역응급의료기관,061-850-3410,061-850-3119,34.775470518786,127.104284083365
본바른병원,"경상남도 양산시 물금읍 청운로 343, 양산바른빌딩 1층일부, 4층~10층",응급실운영신고기관,055-785-3117,055-785-3117,35.3269948206,129.0152648627
봉화해성병원,경상북도 봉화군 봉화읍 보밑길 3,응급실운영신고기관,054-673-1331,054-679-1331,36.89170700324608,128.73350079244224
부민병원,"서울특별시 강서구 공항대로 389, 부민병원 (등촌동)",지역응급의료기관,1577-7582,02-2620-0119,37.556940892893586,126.85094950539181
부산광역시의료원,"부산광역시 연제구 월드컵대로 359 (거제동, 1동, 5동일부)",지역응급의료기관,051-507-3000,051-607-2140,35.187312651309654,129.05917919433943
부산대학교병원,부산광역시 서구 구덕로 179 (아미동1가),지역응급의료센터,051-240-7000,051-240-7776,35.10105418267188,129.01922207984205
부산성모병원(재단법인 천주교부산교구유지재단),부산광역시 남구 용호로232번길 25-14 (용호동),지역응급의료기관,051-933-7114,051-933-7119,35.110457328247016,129.10919202844133
부안성모병원,전북특별자치도 부안군 부안읍 오정2길 24,지역응급의료기관,063-581-5100,063-580-8119,35.724815399252556,126.73452574138332
부천세종병원,"경기도 부천시 소사구 호현로489번길 28 (소사본동, 세종병원)",지역응급의료센터,1599-6677,032-340-1119,37.4810049006,126.79116743230001
부천우리병원,"경기도 부천시 오정구 소사로 726, 지하4층~지상5층 (원종동)",응급실운영신고기관,032-672-4100,032-672-2400,37.52438752921628,126.8051855988659
분당서울대학교병원,"경기도 성남시 분당구 구미로173번길 82 (구미동, 분당서울대학교병원)",권역응급의료센터,031-787-2114,031-787-3119,37.35202597297615,127.12448354572743
비에스종합병원,인천광역시 강화군 강화읍 충렬사로 31,지역응급의료기관,032-290-0001,032-290-0119,37.7360530472,126.4857069547
비에이치에스한서병원,부산광역시 수영구 수영로 615 (광안동),지역응급의료센터,051-756-0081,051-998-1119,35.1610460623,129.1128811328
빌리브세웅병원,부산광역시 동래구 충렬대로 455 (안락동),응급실운영신고기관,051-500-1100,051-500-1119,35.195932829913,129.108211921917
빛가람종합병원,전라남도 나주시 정보화길 49-0 (빛가람동),지역응급의료기관,061-820-0820,061-820-0909,35.024204844204,126.798747430459
빛고을전남대학교병원,광주광역시 남구 덕남길 80 (덕남동),응급실운영신고기관,1899-0000,,35.094479626794445,126.89638434544385
사랑의병원,"서울특별시 관악구 남부순환로 1860, -1,1,3,4,5층 (봉천동,  )",응급실운영신고기관,02-880-0114,02-880-0119,37.4796247835746,126.956285774259
산청군보건의료원,경상남도 산청군 산청읍 중앙로 97,지역응급의료기관,055-970-7500,055-970-7582,35.4160463200281,127.88419591621033
삼성서울병원,"서울특별시 강남구 일원로 81 (일원동, 삼성의료원)",지역응급의료센터,02-3410-2114,02-3410-2060,37.48851613490445,127.08668245340024
삼성합천병원,경상남도 합천군 합천읍 대야로 876,지역응급의료기관,055-933-2200,070-5125-5030,35.56635668398722,128.16327169035327
삼육부산병원,부산광역시 서구 대티로 170 (서대신동2가),지역응급의료기관,051-242-9751,051-600-7750,35.11177720675051,129.01074979097717
삼육서울병원,서울특별시 동대문구 망우로 82 (휘경동),지역응급의료센터,02-2244-0191,02-2210-3566,37.587992001305395,127.0653288266823
삼일병원,"대구광역시 달서구 월배로 436, 지하1,지상1~11층 (송현동)",지역응급의료기관,053-659-3100,053-659-3119,35.8327479530047,128.5538551132049
삼천포제일병원,"경상남도 사천시 중앙로 136, 삼천포제일병원 (벌리동)",지역응급의료기관,055-833-4400,055-830-3099,34.9375392862,128.0795128117
상무병원,광주광역시 서구 상무자유로 181-7 (치평동),지역응급의료기관,062-600-7000,062-600-7119,35.15242290709782,126.85391840686486
상주적십자병원,경상북도 상주시 상서문로 53 (남성동),지역응급의료기관,054-534-3501,054-530-3171,36.414640776098004,128.15560122041242
새금산병원,충청남도 금산군 금산읍 비단로 183,응급실운영신고기관,041-754-8272,041-754-8053,36.10403152848004,127.49620122672218
새통영병원,경상남도 통영시 무전7길 192 (무전동),지역응급의료기관,055-646-6000,055-640-4119,34.86535758722789,128.4206525557243
서광병원,광주광역시 서구 금화로59번길 6 (금호동),지역응급의료센터,062-600-8000,062-600-8119,35.132568331498724,126.85552710578938
서산중앙병원,충청남도 서산시 수석산업로 5 (수석동),지역응급의료기관,041-661-1000,041-661-1195,36.78101237096687,126.50342177166652
서울대학교병원,서울특별시 종로구 대학로 101 (연건동),권역응급의료센터,1588-5700,02-2072-2475,37.57966608924356,126.99896308412191
서울대학교치과병원,서울특별시 종로구 대학로 101 (연건동),응급실운영신고기관,1522-2700,02-6256-3362,37.5804523853297,126.997196437908
서울산보람병원,"울산광역시 울주군 삼남읍 중평로 53, 서울산보람병원",지역응급의료기관,052-255-7114,052-255-7119,35.55991148325753,129.12071299840133
서울성심병원,"서울특별시 동대문구 왕산로 259, 서울성심병원 (청량리동)",지역응급의료기관,02-966-1616,02-966-1616,37.58419129209865,127.04983805981972
서울적십자병원,"서울특별시 종로구 새문안로 9, 적십자병원 (평동)",지역응급의료기관,02-2002-8000,02-2002-8888,37.56715536263689,126.96699861289684
서울특별시동부병원,서울특별시 동대문구 무학로 124 (용두동),지역응급의료기관,02-920-9114,02-920-9119,37.57539886464885,127.03140257525507
서울특별시보라매병원,서울특별시 동작구 보라매로5길 20 (신대방동),지역응급의료센터,02-870-2114,02-870-2119,37.4937184009319,126.92404876254014
서울특별시서남병원,서울특별시 양천구 신정이펜1로 20 (신정동),지역응급의료기관,1566-6688,02-6300-9129,37.51201935883779,126.8331299304024
서울특별시서울의료원,서울특별시 중랑구 신내로 156 (신내동),권역응급의료센터,02-2276-7000,02-2276-7403,37.61286931510163,127.0980910949257
서울현대병원,"서울특별시 강북구 도봉로 374 (번동, 서울현대병원)",응급실운영신고기관,02-1588-6853,02-902-9119,37.6402559204261,127.028504374531
선한병원,광주광역시 서구 무진대로 975 (광천동),응급실운영신고기관,062-466-1000,062-466-1119,35.161551665649306,126.88702689023857
성가롤로병원,전라남도 순천시 순광로 221 (조례동),권역응급의료센터,061-720-2000,061-720-6119,34.9634252378637,127.542308899549
성남시의료원,"경기도 성남시 수정구 수정로171번길 10, 성남시의료원 (태평동)",지역응급의료센터,031-738-7000,031-738-7300,37.44498428779224,127.13905704599767
성남중앙병원,경기도 성남시 중원구 산성대로476번길 12 (금광동),지역응급의료기관,031-743-3000,031-799-5599,37.4528032109466,127.16209535008764
성모윌병원,"경기도 성남시 수정구 성남대로 1171, 삼성화재빌딩 1층일부, 2~9층 (수진동)",응급실운영신고기관,031-751-2075,1833-5001,37.4344473895,127.1282853418
성심의료재단강동성심병원,서울특별시 강동구 성안로 150 (길동),지역응급의료센터,02-2224-2114,02-2224-2358,37.53598408220376,127.13526354631517
성심중앙병원,"경기도 평택시 안중읍 안현로서6길 16, 성심중앙병원",응급실운영신고기관,031-681-1119,031-681-1119,36.9840021910249,126.92773248728593
성애의료재단성애병원,"서울특별시 영등포구 여의대방로53길 22 (신길동, 성애병원)",지역응급의료센터,02-840-7114,02-840-7115,37.51205044957338,126.92236733617031
성주무강병원,경상북도 성주군 성주읍 성주읍3길 5-3,응급실운영신고기관,054-932-1212,054-932-1909,35.91869489182473,128.28669967111344
세란병원,서울특별시 종로구 통일로 256 (무악동),지역응급의료기관,02-737-0181,02-737-0181,37.57534016994642,126.9577071892358
세웅병원,부산광역시 금정구 서동로 162 (서동),응급실운영신고기관,051-500-9700,051-500-9671,35.214424760113644,129.10408278932294
세일병원,"부산광역시 동구 중앙대로 317 (초량동, 세일병원)",응급실운영신고기관,051-464-8110,051-460-5277,35.12484866424028,129.0445941872797
세종여주병원,"경기도 여주시 청심로 39, 세종여주병원 (하동)",지역응급의료기관,031-880-7700,031-880-7754,37.3013258027,127.6267201581
세종충남대학교병원,"세종특별자치시 보듬7로 20, 세종충남대학교병원 (도담동)",지역응급의료센터,1800-3114,044-995-3010,36.5195133641377,127.257942661368
송정사랑병원,"광주광역시 광산구 송도로 232 (송정동, 송정사랑병원)",응급실운영신고기관,062-949-9000,062-949-9119,35.13421179794,126.79736841847565
수원중앙병원,경기도 수원시 권선구 권선로 654 (권선동),응급실운영신고기관,031-229-9777,031-229-9888,37.259913344591446,127.0228408488501
순창군보건의료원,전북특별자치도 순창군 순창읍 교성로 135 (순창군보건의료원),지역응급의료기관,063-650-5321,063-650-5352,35.36714953529629,127.14386670292174
순천의료재단성남정병원,"경기도 성남시 수정구 수정로 76, 지하3~10층 (수진동)",지역응급의료기관,031-750-6000,031-750-6003,37.43962497395649,127.12863916535001
순천제일병원,전라남도 순천시 기적의도서관1길 3 (조례동),지역응급의료기관,061-720-3413,061-720-3800,34.95422459893048,127.52385648056844
순천중앙병원,전라남도 순천시 장명로 5 (장천동),지역응급의료기관,061-743-9021,061-749-5119,34.95165645129011,127.4844113418781
순천향대학교부속구미병원,"경상북도 구미시 1공단로 179 (공단동, (공단동))",지역응급의료센터,054-468-9114,054-468-9119,36.10286857919866,128.38265476387454
순천향대학교부속부천병원,경기도 부천시 원미구 조마루로 170 (중동),권역응급의료센터,032-621-5114,032-621-5117,37.49857073407877,126.76238239812001
순천향대학교부속서울병원,서울특별시 용산구 대사관로 59 (한남동),지역응급의료센터,02-709-9114,02-709-9117,37.53384172231443,127.00441798640304
시영의료재단 영동병원,경상남도 함안군 칠원읍 용산2길 45-13,응급실운영신고기관,055-586-2000,055-586-2000,35.308982637512486,128.51554361153526
신가병원,광주광역시 광산구 목련로 316 (신가동),지역응급의료기관,062-610-8702,062-610-8119,35.177619444444446,126.829800000000006
신촌연세병원,"서울특별시 마포구 서강로 110, 지2층~6층 (신수동)",응급실운영신고기관,02-337-7582,02-337-7582,37.5525892651719,126.933734666413
씨엠병원,"서울특별시 영등포구 영등포로36길 13 (영등포동4가, 충무병원)",응급실운영신고기관,02-2678-0001,070-4698-7811,37.518848328762154,126.90367981067837
아산충무병원,충청남도 아산시 문화로 381 (모종동),지역응급의료센터,041-536-6666,041-536-6519,36.779292504897654,127.01994885495239
아주대학교병원,경기도 수원시 영통구 월드컵로 164 (원천동),권역응급의료센터,031-219-5114,031-219-7777,37.2794477573662,127.04752107106702
안동성소병원,경상북도 안동시 서동문로 99 (금곡동),지역응급의료센터,054-857-2321,054-850-8282,36.56712693337398,128.72245351866203
안성성모병원,경기도 안성시 시장길 58 (서인동),지역응급의료기관,031-675-6007,031-675-8275,37.00610345894585,127.2708442991513
안은의료재단 부평세림병원,"인천광역시 부평구 부평대로 175 (청천동, 세림병원)",지역응급의료센터,032-509-5555,032-509-5777,37.50684250997099,126.71994675790395
양산부산대학교병원,경상남도 양산시 물금읍 금오로 20,권역응급의료센터,055-360-1000,055-360-1463,35.32781996751182,129.00588613550423
양주예쓰병원,경기도 양주시 회정로 103 (덕정동),응급실운영신고기관,031-825-5000,031-825-1119,37.83756356362081,127.06463890111564
양평병원,경기도 양평군 양평읍 중앙로 129,지역응급의료기관,031-770-5000,031-770-5176,37.493962635485616,127.50347093330032
에스포항병원,"경상북도 포항시 남구 희망대로 352 (이동, 에스포항병원)",지역응급의료기관,054-289-9000,054-289-9120,36.0348228983,129.3314002552
에이치제이매그놀리아국제병원,경기도 가평군 설악면 미사리로 267-177,응급실운영신고기관,031-589-4300,031-589-4465,37.69104512763415,127.52141322182567
엘병원,"경기도 남양주시 퇴계원읍 퇴계원로 20, 지하2~지상7층 일부제외호",지역응급의료기관,1899-3377,031-527-6119,37.6487334911668,127.141048740049
여수전남병원,"전라남도 여수시 좌수영로 49 (광무동, 전남병원)",지역응급의료기관,061-640-7575,061-640-7118,34.74501919502327,127.72808408876027
여수한국병원,전라남도 여수시 여천체육공원길 10 (신기동),응급실운영신고기관,061-689-9000,061-689-9119,34.761243178966986,127.67509537253795
여천전남병원,전라남도 여수시 무선로 95 (선원동),지역응급의료센터,061-690-6900,061-690-6118,34.76918041182927,127.65404273510529
연세대학교원주세브란스기독병원,강원특별자치도 원주시 일산로 20 (일산동),권역응급의료센터,033-741-0114,033-741-1641,37.34795543031888,127.9456453098751
연세대학교의과대학강남세브란스병원,"서울특별시 강남구 언주로 211, 강남세브란스병원 (도곡동)",지역응급의료센터,02-2019-3114,02-2019-3333,37.492806984645476,127.04631254186797
연세대학교의과대학세브란스병원,서울특별시 서대문구 연세로 50-1 (신촌동),지역응급의료센터,15991004,02-2227-7777,37.56211711412639,126.94082769649863
연세대학교의과대학용인세브란스병원,경기도 용인시 기흥구 동백죽전대로 363 (중동),지역응급의료센터,1899-1004,031-5189-9001,37.270775831978774,127.14818862464037
연세새로운병원,경기도 여주시 영릉로 22 (창동),응급실운영신고기관,031-885-7582,031-885-7582,37.289871650589454,127.63287952191527
연세에스병원,경상남도 창원시 진해구 해원로32번길 13 (이동),지역응급의료기관,055-548-7700,055-548-7789,35.1547321003,128.6983352518
연천군보건의료원,경기도 연천군 전곡읍 은대성로 95,지역응급의료기관,031-839-4001,031-839-4119,38.02374166666665,127.06124444444444
영광종합병원,"전라남도 영광군 영광읍 와룡로 3,",지역응급의료기관,061-350-8000,061-350-8129,35.2841836238628,126.498940298383
영남대학교병원,대구광역시 남구 현충로 170 (대명동),권역응급의료센터,053-623-8001,053-620-3177,35.84750592025217,128.58513118547506
영남대학교의과대학부속영천병원,경상북도 영천시 오수1길 10 (오수동),지역응급의료기관,0543389000,054-330-7575,35.957320739100794,128.91305328332228
영도병원,부산광역시 영도구 태종로 85 (대교동2가),지역응급의료기관,051-414-8101,051-419-7575,35.09227119620571,129.04053714557975
영암한국병원,전라남도 영암군 영암읍 오리정길 8,지역응급의료기관,061-470-7100,061-470-7118,34.794341315816496,126.70116990992957
영주기독병원,경상북도 영주시 구성로 380 (영주동),지역응급의료기관,054-635-6161,054-635-3050,36.82516126894279,128.62114810991983
영주자인병원,경상북도 영주시 대동로31번길 9 (가흥동),응급실운영신고기관,054-633-1131,,36.815947445861305,128.60561041705353
영주적십자병원,"경상북도 영주시 대학로 327-0 (가흥동,영주적십자병원)",지역응급의료기관,054-630-0100,054-630-0112,36.8252579707,128.6040034927
예산명지병원,충청남도 예산군 예산읍 신례원로 26,응급실운영신고기관,041-335-2255,041-335-5166,36.71373026149238,126.83416958942115
오산한국병원,경기도 오산시 밀머리로1번길 16 (원동),지역응급의료센터,031-379-8300,031-378-5119,37.14122844920573,127.07533756274843
오창중앙병원,충청북도 청주시 청원구 오창읍 중부로 683,응급실운영신고기관,043-218-0119,043-218-0119,36.70680258158961,127.42965176665307
온누리병원,경기도 안산시 단원구 선부로 201 (선부동),응급실운영신고기관,031-412-2200,031-412-2222,37.34182861904807,126.8175567728982
온누리병원,인천광역시 서구 완정로 199 (왕길동),지역응급의료기관,032-567-6200,032-568-9112,37.60280557009656,126.65430866269227
완도군노화읍보건지소,"전라남도 완도군 노화읍 노화로 813, 노화보건지소",응급실운영신고기관,061-550-6800,,34.17730585378432,126.57093792042261
완도대성병원,전라남도 완도군 완도읍 청해진동로 63,지역응급의료기관,061-553-1234,061-554-9500,34.31716999454396,126.73556371420687
우리들병원,서울특별시 강서구 하늘길 70 (과해동),응급실운영신고기관,02-2660-7500,02-2660-7057,37.56199597494205,126.7963653099318
운암한국병원,광주광역시 북구 북문대로 191 (운암동),지역응급의료기관,062-608-8000,062-608-8119,35.18513334103592,126.86956982285518
울릉군보건의료원,경상북도 울릉군 울릉읍 울릉순환로 396-18,지역응급의료기관,054-790-6871,054-790-6911,37.485886024545444,130.89947707708177
울산병원,울산광역시 남구 월평로171번길 13 (신정동),지역응급의료센터,052-259-5000,052-259-5119,35.54621707569275,129.32309962689618
울산엘리야병원,울산광역시 북구 호계로 285 (호계동),응급실운영신고기관,052-290-2100,052-290-2119,35.62891129475159,129.350630148322
울진군의료원,경상북도 울진군 울진읍 현내항길 71,지역응급의료기관,054-785-7000,054-785-7119,36.99264955966117,129.40949155236495
원광대학교병원,전북특별자치도 익산시 무왕로 895 (신동),권역응급의료센터,063-859-1114,063-859-1165,35.9642419612473,126.959306346821
원광대학교산본병원,경기도 군포시 산본로 321 (산본동),지역응급의료센터,031-390-2300,031-390-2345,37.359787179442414,126.93330716393871
원병원,경기도 남양주시 화도읍 경춘로 1943-16,응급실운영신고기관,031-590-3114,031-5903-1189,37.651957172510606,127.30437739416751
원주성모병원,강원특별자치도 원주시 소초면 치악로 2473,응급실운영신고기관,033-741-5000,033-741-5119,37.39364611118348,127.9845808143955
윤서병원,경기도 구리시 건원대로 47 (인창동),응급실운영신고기관,031-553-6650,031-564-2222,37.60519852568096,127.13961137900537
은평연세병원,서울특별시 은평구 연서로 177 (갈현동),응급실운영신고기관,02-388-8114,02-388-0119,37.6146922208583,126.917472218592
의)근원의료재단경산중앙병원,경상북도 경산시 경안로 11 (백천동),지역응급의료기관,053-715-0100,053-715-0119,35.80882731345708,128.7401572913474
의령병원,경상남도 의령군 의령읍 의병로14길 10,지역응급의료기관,055-573-4100,055-573-6806,35.31860563079656,128.2586798056445
의료법인 갑을의료재단 갑을녹산병원,부산광역시 강서구 녹산산단321로 24-8 (송정동),응급실운영신고기관,051-974-8300,051-974-8414,35.090573808412124,128.85332092602835
의료법인 거명의료재단 영광기독병원,전라남도 영광군 영광읍 신남로 265,지역응급의료기관,061-350-3000,061-350-3080,35.274959355007304,126.5108758767997
의료법인 거붕 백병원,경상남도 거제시 계룡로5길 14 (상동동),지역응급의료기관,055-733-0000,055-733-0180,34.873675809023304,128.62605696825915
의료법인 광혜의료재단 광혜병원,"부산광역시 동래구 충렬대로 96 (온천동, 광혜병원)",지역응급의료기관,051-503-2111,051-504-2119,35.207033333333335,129.071136111111116
의료법인 길의료재단 길병원,"인천광역시 남동구 남동대로774번길 21 (구월동, 가천대학교길병원)",권역응급의료센터,032-460-3548,032-460-3012,37.45208024654252,126.70916173607195
의료법인 대우의료재단대우병원,경상남도 거제시 두모길 16 (두모동),지역응급의료기관,055-680-8114,055-680-8119,34.87222152119712,128.72216421007292
의료법인 루가의료재단 나은병원,"인천광역시 서구 원적로 23 (가좌동, 원적로 27번길 11(가좌동))",지역응급의료센터,032-584-0114,032-584-4119,37.4890534064866,126.679450677348
의료법인 박애의료재단 박애병원,경기도 평택시 평택2로20번길 3 (평택동),지역응급의료기관,031-652-2121,031-650-9219,36.99308383421509,127.08907896026507
의료법인 성념의료재단맑은샘병원,경상남도 거제시 연초면 거제대로 4477,지역응급의료기관,055-736-1004,055-736-0119,34.89793483097861,128.64371778461182
의료법인 성수의료재단 인천백병원,인천광역시 동구 샛골로 214 (송림동),지역응급의료기관,032-765-7070,032-280-8119,37.4772581429266,126.648504056866
의료법인 센텀의료재단 센텀종합병원,부산광역시 수영구 수영로679번길 8 (광안동),지역응급의료기관,051-750-5000,051-750-5119,35.16637129021226,129.11466833709284
의료법인 영제 의료재단 엔케이세종병원,"세종특별자치시 한누리대로 161, 세종시 NK리움힐 상가 1~8층 (나성동)",지역응급의료기관,044-850-7700,044-850-7705,36.47962250753158,127.26225618927695
의료법인 온그룹의료재단 온종합병원,"부산광역시 부산진구 가야대로 719, 767, 721, 본관 지하3~5층, 본관 6~11층 전부, 본관 12층 일부, 본관 13~14층 전부, (당감동)",지역응급의료센터,051-607-0133,051-607-0139,35.15787735996765,129.04998435792845
의료법인 우범의료재단 장흥종합병원,전라남도 장흥군 장흥읍 흥성로 74,지역응급의료기관,061-862-8300,061-860-1119,34.67726071666993,126.91093606650924
의료법인 은성의료재단 좋은강안병원,부산광역시 수영구 수영로 493 (남천동),지역응급의료기관,051-625-0900,051-610-9119,35.15015905669445,129.11072434834875
의료법인 이도의료재단 남해병원,경상남도 남해군 남해읍 화전로 169,지역응급의료기관,055-863-2201,055-860-6630,34.84640603127717,127.89425156305387
의료법인 인당의료재단 부민병원,부산광역시 북구 만덕대로 59 (덕천동),지역응급의료기관,051-330-3000,051-330-3129,35.211914318056756,129.01121232860873
의료법인 인당의료재단 해운대부민병원,부산광역시 해운대구 해운대로 584 (우동),지역응급의료기관,051-602-8000,051-602-8119,35.16142040775608,129.1556561002225
의료법인 일심의료재단 포천우리병원,경기도 포천시 소흘읍 호국로 661,지역응급의료기관,031-542-0222,031-541-8282,37.827495913257785,127.1481437183119
의료법인 중앙의료재단 중앙병원,"제주특별자치도 제주시 월랑로 91-0 (이호이동,중앙병원)",지역응급의료센터,064786-7000,064-786-7777,33.492346148279836,126.47058708143306
의료법인 행도의료재단 해동병원,부산광역시 영도구 태종로 133 (봉래동3가),지역응급의료기관,051-412-6161,051-410-6688,35.09194298219175,129.04386428258525
의료법인 현경의료재단 광양서울병원,전라남도 광양시 진등길 93 (마동),지역응급의료기관,061-798-9800,061-798-9819,34.957912006875524,127.69055714590516
의료법인 혜인의료재단 한국병원,제주특별자치도 제주시 서광로 193 (삼도일동),지역응급의료기관,064-750-0000,064-750-0160,33.500185921027,126.51698873048466
의료법인갈렌의료재단박병원,경기도 평택시 송탄로 33 (장당동),지역응급의료기관,031-666-2600,031-662-4119,37.0482647009,127.05700385749999
의료법인갑을의료재단 갑을장유병원,경상남도 김해시 장유로 167-13 (부곡동),지역응급의료기관,055-310-6000,055-310-6119,35.208667155880995,128.80564300531228
의료법인강릉동인병원,강원특별자치도 강릉시 강릉대로419번길 42 (포남동),지역응급의료센터,033-650-6113,033-650-6105,37.77432579461282,128.90714180258507
의료법인건명의료재단중앙제일병원,충청북도 진천군 진천읍 중앙북로 36,지역응급의료기관,043-533-1711,043-537-9119,36.858487476286044,127.44050791116805
의료법인구의료재단구병원,대구광역시 달서구 감삼북길 141 (감삼동),지역응급의료기관,053-560-9016,053-557-7119,35.85082313699737,128.54148303217695
의료법인나사렛의료재단나사렛국제병원,"인천광역시 연수구 먼우금로 98 (동춘동, 나사렛국제병원)",지역응급의료센터,032-899-9999,032-899-9699,37.4079911136402,126.67046935782248
의료법인남촌의료재단시화병원,"경기도 시흥시 군자천로 381, 시화병원 (정왕동)",지역응급의료센터,1811-7000,031-5189-0567,37.349955639806,126.736970968751
의료법인녹산의료재단동수원병원,경기도 수원시 팔달구 중부대로 165 (우만동),지역응급의료센터,031-210-0114,031-210-0119,37.27816562305189,127.0343637912553
의료법인대광의료재단괴산성모병원,충청북도 괴산군 괴산읍 임꺽정로 116-0 (괴산성모병원),지역응급의료기관,043-830-5400,043-830-5419,36.81544387632933,127.78424628538971
의료법인대남의료재단청도대남병원,경상북도 청도군 화양읍 청화로 79-7,지역응급의료기관,054-373-0606,054-370-5112,35.64871261648798,128.73711323398672
의료법인대산의료재단익산병원,전북특별자치도 익산시 무왕로 969 (신동),지역응급의료센터,063-840-9114,063-840-9112,35.96168123354797,126.96649966881398
의료법인대인의료재단다니엘종합병원,"경기도 부천시 원미구 중동로 361, 다니엘종합병원 (약대동)",지역응급의료기관,032-670-0001,032-670-0119,37.512321557883574,126.76948894065183
의료법인덕산의료재단김천제일병원,경상북도 김천시 신음1길 12 (신음동),지역응급의료센터,054-420-9300,054-420-9500,36.135341995663524,128.11882383545816
의료법인동강의료재단동강병원,울산광역시 중구 태화로 239 (태화동),지역응급의료센터,052-241-1114,052-241-1190,35.55340950863559,129.30194290200077
의료법인동강의료재단동천동강병원,"울산광역시 중구 외솔큰길 215 (남외동, 동천동강병원)",응급실운영신고기관,052-702-3114,052-702-3456,35.5685460268,129.350477985
의료법인동신의료재단동신병원,"서울특별시 서대문구 연희로 272, 동신병원 본관동 (홍은동)",지역응급의료기관,02-396-9161,02-396-9161,37.58110428173239,126.93658306608872
의료법인동춘의료재단문경제일병원,경상북도 문경시 당교3길 25 (모전동),지역응급의료센터,054-550-7700,054-550-7777,36.5848214366,128.189771534
의료법인동해동인병원,"강원특별자치도 동해시 하평로 26-  (평릉동, (평릉동))",지역응급의료기관,033-530-0114,033-530-0129,37.530006805605616,129.1074043067605
의료법인록향의료재단신천연합병원,"경기도 시흥시 복지로 57, 복지로 61, 2층 (대야동)",지역응급의료기관,031-310-6300,031-310-6661,37.44454605843136,126.78938385106555
의료법인명성의료재단영양병원,경상북도 영양군 영양읍 동서대로 75,응급실운영신고기관,054-682-0727,054-682-3866,36.66257764096643,129.1173135291313
의료법인명인의료재단화홍병원,경기도 수원시 권선구 호매실로90번길 98 (호매실동),지역응급의료센터,031-278-0119,031-8021-6829,37.2601427452511,126.963891671858
의료법인명지의료재단명지병원,"충청북도 제천시 내토로 991-0 (고암동,의료법인명지의료재단명지병원)",지역응급의료센터,043-640-8114,043-640-8117,37.163005764289196,128.23405656001105
의료법인명지의료재단명지병원,경기도 고양시 덕양구 화수로14번길 55 (화정동),권역응급의료센터,031-810-5114,031-810-7119,37.64207169115689,126.83145733035825
의료법인목포구암의료재단 목포중앙병원,전라남도 목포시 영산로 627 (석현동),지역응급의료센터,061-280-3000,061-280-3119,34.8208073192579,126.421380872161
의료법인바른의료재단바른병원,경상남도 진주시 동진로 7 (칠암동),응급실운영신고기관,055-790-3000,055-790-3651,35.179208158439586,128.09170475475878
의료법인백송의료재단굿모닝병원,경기도 평택시 중앙로 338 (합정동),지역응급의료센터,031-5182-7700,031-5182-7582,36.9905734199,127.120463688
의료법인백제병원,충청남도 논산시 시민로294번길 14 (취암동),지역응급의료센터,041-733-2191,041-730-8888,36.19250243074026,127.09436976296005
의료법인백천의료재단바로본병원,대구광역시 동구 국채보상로 769 (신천동),응급실운영신고기관,1644-8575,053-721-8549,35.86845464452633,128.61518371219722
의료법인보광의료재단속초보광병원,강원특별자치도 속초시 중앙로 11 (교동),지역응급의료기관,033-639-8500,033-639-8988,38.198021245336555,128.57838660480326
의료법인삼백의료재단상주성모병원,경상북도 상주시 냉림서성길 7 (냉림동),지역응급의료기관,054-532-5001,054-530-7811,36.42029125774357,128.15973341130405
의료법인삼호의료재단벌교삼호병원,전라남도 보성군 벌교읍 남하로 12,지역응급의료기관,061-859-5000,061-859-5119,34.833846754024535,127.34573228719377
의료법인생명사랑의료재단밀양윤병원,경상남도 밀양시 삼문중앙로 32 (삼문동),지역응급의료기관,055-354-2200,055-802-7313,35.48468031922943,128.75564526263582
의료법인서명의료재단세명종합병원,경상북도 경산시 경안로 208 (중방동),지역응급의료기관,053-819-8800,053-819-8500,35.82621911080917,128.7374074375532
의료법인서울효천의료재단에이치플러스양지병원,"서울특별시 관악구 남부순환로 1636, 양지병원 (신림동)",지역응급의료센터,02-1877-8875,070-4665-9119,37.48427507045319,126.93253922577287
의료법인서준의료재단예천권병원,경상북도 예천군 예천읍 시장로 136,지역응급의료기관,054-654-6611,054-650-2119,36.65741644988633,128.45890491333589
의료법인서해병원,충청남도 서천군 서천읍 서천로 184,지역응급의료기관,041-951-8282,041-950-0219,36.08449428686221,126.6875810614244
의료법인석경의료재단센트럴병원,"경기도 시흥시 공단1대로 237 (정왕동, 센트럴 병원)",지역응급의료기관,031-8041-3000,031-8041-3019,37.336409472880064,126.72768862827666
의료법인석영의료재단창원제일종합병원,경상남도 창원시 마산합포구 3·15대로 238 (중앙동3가),응급실운영신고기관,055-223-9000,055-249-7777,35.199036071110854,128.56772923734115
의료법인석천재단고창병원,전북특별자치도 고창군 고창읍 화신1길 9,지역응급의료기관,063-560-5600,063-560-5558,35.43645131091079,126.69331814963527
의료법인성광의료재단일산차병원,"경기도 고양시 일산동구 중앙로 1205, 지하1층(일부),지하2층,지하4층(일부),1층(일부),2층(일부),3층(일부),4~5층,6층(일부), 7~10층 (장항동)",지역응급의료기관,031-782-8300,031-782-8587,37.65413326289407,126.77574306091104
의료법인성심의료재단양구성심병원,강원특별자치도 양구군 양구읍 중심로 160,지역응급의료기관,033-480-8803,033-480-8816,38.1047788862656,127.99119726275
의료법인성지의료재단성지병원,강원특별자치도 원주시 원일로 22 (인동),지역응급의료기관,033-760-3101,033-760-3119,37.3452989790958,127.954009227598
의료법인성화의료재단대한병원,"서울특별시 강북구 도봉로 301 (수유동, 대한병원)",응급실운영신고기관,02-903-3232,02-905-9110,37.63547043209498,127.02267251878474
의료법인송암의료재단마이크로병원,충청북도 청주시 흥덕구 사직대로 26 (복대동),응급실운영신고기관,043-265-0071,070-7038-2717,36.63402150390528,127.45009452402523
의료법인송은의료재단울산시티병원,울산광역시 북구 산업로 1007 (연암동),지역응급의료센터,052-280-9000,052-280-9119,35.58285370330335,129.35905740278505
의료법인숭인의료재단 김해복음병원,경상남도 김해시 활천로 33 (삼정동),지역응급의료센터,055-330-8888,055-330-8844,35.2304897832,128.8935457971
의료법인승연의료재단 삼천포서울병원,경상남도 사천시 남일로 33 (동금동),지역응급의료기관,055-835-9900,055-830-9019,34.93302179207928,128.08012015415227
의료법인신안대우병원,전라남도 신안군 비금면 송치길 155-11,지역응급의료기관,061-262-3301,061-262-3309,34.722263099542104,125.93256566497465
의료법인신의료재단김해삼승병원,경상남도 김해시 김해대로 2335 (부원동),응급실운영신고기관,055-310-7700,055-310-7777,35.226730571,128.8821901808
의료법인안동병원,경상북도 안동시 앙실로 11 (수상동),권역응급의료센터,054-840-1004,054-840-0119,36.54691448006022,128.70097021920307
의료법인양진의료재단평택성모병원,경기도 평택시 평택로 284 (세교동),지역응급의료센터,1800-8800,070-5012-0119,37.008809910565546,127.07371568769603
의료법인에스엠씨의료재단울산세민병원,울산광역시 중구 학성로 184 (학성동),응급실운영신고기관,052-290-0114,052-290-0119,35.556584160908145,129.33096884743864
의료법인영경의료재단전주병원,"전북특별자치도 전주시 완산구 한두평3길 13 (중화산동2가, 전주병원)",지역응급의료센터,063-220-7200,063-226-6119,35.81502660230338,127.1247991889436
의료법인영경의료재단호성전주병원,전북특별자치도 전주시 덕진구 동부대로 895 (호성동1가),지역응급의료기관,063-240-8800,063-240-8862,35.865528416459995,127.14790290638277
의료법인영동의료재단의정부백병원,경기도 의정부시 금신로 322 (신곡동),지역응급의료기관,031-856-8111,031-842-1211,37.74536735722315,127.06206709820381
의료법인영서의료재단천안충무병원,충청남도 천안시 서북구 다가말3길 8 (쌍용동),지역응급의료센터,041-570-7555,041-570-7519,36.79739687904163,127.13157820432319
의료법인영성의료재단고흥종합병원,전라남도 고흥군 고흥읍 고흥로 1935,지역응급의료기관,061-832-1911,061-830-3118,34.620393082853,127.293713733344
의료법인영암의료재단고령영생병원,경상북도 고령군 대가야읍 중앙로 33 (영생병원),지역응급의료기관,054-955-2661,070-7475-0024,35.72995531573922,128.27201138885076
의료법인영제의료재단영남제일병원,경상북도 의성군 안계면 용기4길 36,지역응급의료기관,054-861-9111,054-861-9111,36.38925516777733,128.43429486266444
의료법인영훈의료재단대전선병원,"대전광역시 중구 목중로 29 (목동, 선병원)",지역응급의료센터,042-220-8000,042-220-8129,36.3359621088938,127.41011056508802
의료법인영훈의료재단유성선병원,대전광역시 유성구 북유성대로 93 (지족동),지역응급의료센터,042-609-1000,042-609-1119,36.37535496572087,127.32491359339663
의료법인예당의료재단예산종합병원,충청남도 예산군 예산읍 금오대로 94,지역응급의료기관,041-330-4000,041-330-4119,36.69111403683895,126.83810397105952
의료법인오성의료재단동군산병원,전북특별자치도 군산시 조촌로 149 (조촌동),지역응급의료센터,063-440-0570,063-440-0516,35.97740074466571,126.73719225835914
의료법인왜관병원,경상북도 칠곡군 왜관읍 군청2길 10,응급실운영신고기관,054-971-1002,054-971-1004,35.996063888888891,128.401522222222212
의료법인우리의료재단김포우리병원,"경기도 김포시 감암로 11, 김포우리병원 (걸포동)",지역응급의료센터,031-999-1000,031-999-1119,37.632530143647166,126.7105272263707
의료법인원광의료재단원광종합병원,경기도 화성시 화산북로 21 (송산동),지역응급의료기관,031-8077-7200,031-8077-7219,37.2100621333,127.0080345889
의료법인은성의료재단좋은삼선병원,"부산광역시 사상구 가야대로 326, 좋은삼선병원 (주례동)",지역응급의료센터,051-322-0900,051-310-9119,35.1505677387241,129.0081978825217
의료법인은성의료재단좋은삼정병원,울산광역시 남구 북부순환도로 51 (무거동),지역응급의료기관,052-220-7500,052-220-7600,35.55282641650826,129.26899792409964
의료법인은성의료재단좋은선린병원,경상북도 포항시 북구 대신로 43 (대신동),지역응급의료기관,054-245-5000,054-245-5200,36.048089061494764,129.36704339734024
의료법인은혜와감사의료재단화성중앙종합병원,경기도 화성시 향남읍 발안로 5,지역응급의료기관,031-352-8114,031-371-7998,37.13118966594901,126.910365631779
의료법인인봉의료재단뉴고려병원,"경기도 김포시 김포한강3로 283, 뉴고려병원 (장기동)",지역응급의료센터,031-998-8129,031-980-9119,37.64095507933562,126.66022763544733
의료법인인봉의료재단영등포병원,서울특별시 영등포구 당산로31길 10 (당산동3가),응급실운영신고기관,02-2635-2809,02-2632-0013,37.526858089517,126.89561402986
의료법인인성의료재단한림병원,인천광역시 계양구 장제로 722 (작전동),지역응급의료센터,032-540-9114,032-540-9119,37.53218449100167,126.73435495537973
의료법인인성의료재단함평성심병원,"전라남도 함평군 함평읍 영수길 132, 함평성심병원",응급실운영신고기관,061-324-0001,061-324-0072,35.061886111111114,126.519805555555550
의료법인인화재단한국병원,충청북도 청주시 상당구 단재로 106 (영운동),지역응급의료센터,043-222-7000,043-222-6177,36.61950588971749,127.49659485930336
의료법인일산복음병원,"경기도 고양시 일산동구 고양대로 760, 가동 (중산동, 일산복음병원)",응급실운영신고기관,031-977-5000,031-929-0330,37.68205457051212,126.7801254241406
의료법인자산의료재단제천서울병원,충청북도 제천시 숭문로 57 (서부동),지역응급의료센터,043-642-7606,043-643-2327,37.13857101389598,128.20613928597677
의료법인자인의료재단(더자인병원),"경기도 고양시 덕양구 중앙로 555, /중앙로557번길 14, 지하1(일부),1-6층 (행신동)",응급실운영신고기관,031-930-3114,031-930-3119,37.62297864974611,126.83568238933726
의료법인장호의료재단녹동현대병원,전라남도 고흥군 도양읍 차경구렁목길 215,지역응급의료기관,061-840-1200,061-840-1119,34.5461939078177,127.14569777683869
의료법인정민의료재단보은한양병원,충청북도 보은군 보은읍 보은로 102,응급실운영신고기관,043-544-1500,070-7575-2853,36.48327155579628,127.71821043397682
의료법인정산의료재단효성병원,충청북도 청주시 상당구 쇠내로 16 (금천동),지역응급의료센터,043-221-5000,043-221-2192,36.624556372628305,127.49558522201268
의료법인정안의료재단중앙병원,"울산광역시 남구 문수로 472, 중앙병원 (신정동)",지역응급의료센터,052-226-1100,052-226-1119,35.53208761614168,129.3048401436768
의료법인정화의료재단 봉생기념병원,"부산광역시 동구 중앙대로 401 (좌천동, 봉생병원)",지역응급의료기관,051-664-4000,051-664-4119,35.13085783627095,129.0505708823645
의료법인조윤의료재단영동병원,충청북도 영동군 영동읍 대학로 106,지역응급의료기관,043-740-9000,043-740-9333,36.1852328446,127.7808325647
의료법인창녕서울의료재단창녕서울병원,경상남도 창녕군 창녕읍 창녕대로 122,응급실운영신고기관,055-532-1975,055-530-7671,35.53476250295272,128.4976162683357
의료법인청구성심병원,서울특별시 은평구 통일로 873 (갈현동),지역응급의료기관,02-350-3300,02-383-0129,37.62079154435882,126.91955399169245
의료법인청아의료재단청아병원,경상남도 창원시 마산회원구 내서읍 광려천서로 67 (청아병원),지역응급의료기관,055-230-1500,055-230-1700,35.24798366104159,128.50971731844322
의료법인청파의료재단송탄중앙병원,경기도 평택시 오좌동길 17-16 (독곡동),응급실운영신고기관,031-612-7000,031-612-7000,37.0885408447458,127.0641653404409
의료법인칠석의료재단사랑의병원,"경기도 안산시 상록구 예술광장로 69, 사랑의병원(593-4번지/593-5번지) (성포동)",지역응급의료기관,031-439-3000,031-414-6656,37.327020396286656,126.84486352776976
의료법인태성의료재단제일조은병원,충청북도 음성군 금왕읍 음성로1230번길 10,응급실운영신고기관,043-883-8800,043-883-7755,36.99760379156879,127.59853452216106
의료법인토마스의료재단윌스기념병원,경기도 수원시 팔달구 경수대로 437 (인계동),지역응급의료기관,031-223-2233,031-240-6119,37.26502978126203,127.0254583588438
의료법인풍산의료재단동부제일병원,"서울특별시 중랑구 망우로 511, 동부제일병원 지하1~6층 (망우동)",지역응급의료기관,02-437-5011,02-490-8880,37.60067564592665,127.1090292210168
의료법인플러스의료재단단원병원,"경기도 안산시 단원구 원포공원1로 20, 동의성단원병원 (초지동)",지역응급의료기관,031-8040-6600,031-8040-5911,37.3002188172703,126.81357021652913
의료법인한국의료재단한국병원,전라남도 순천시 우명길 42 (연향동),지역응급의료기관,061-740-5000,061-740-5119,34.947741459842966,127.51235838977138
의료법인한마음의료재단 여수제일병원,"전라남도 여수시 쌍봉로 70 (학동, (학동))",지역응급의료기관,061689-8123,061-689-8119,34.766166666666656,127.66355833333331
의료법인한마음의료재단하나병원,충청북도 청주시 흥덕구 2순환로 1262 (가경동),지역응급의료센터,043-230-6114,043-230-6594,36.623474045244464,127.43081864239413
의료법인한전의료재단한일병원,"서울특별시 도봉구 우이천로 308, 한일병원 (쌍문동)",지역응급의료센터,02-901-3114,02-901-3119,37.64611570419094,127.02902417950423
의료법인합포의료재단에스엠지연세병원,"경상남도 창원시 마산합포구 3·15대로 76 (월남동2가, 합포의료재단)",지역응급의료센터,055-243-0100,055-240-7777,35.18635329986849,128.56163160027907
의료법인해민의료재단 세안종합병원,전라남도 목포시 고하대로 795-2 (연산동),지역응급의료기관,061-260-6700,061-260-6666,34.817030098221025,126.38033941552498
의료법인행복나눔의료재단장성병원,전라남도 장성군 장성읍 역전로 171,지역응급의료기관,061-390-9000,061-390-9119,35.305871659607845,126.78361958777766
의료법인행촌의료재단 해남종합병원,전라남도 해남군 해남읍 해남로 45,지역응급의료기관,061-536-4116,061-530-0119,34.571547222222215,126.61268333333333
의료법인환명의료재단 조은금강병원,경상남도 김해시 김해대로 1814-37 (삼계동),지역응급의료기관,055-330-0300,055-330-0200,35.2623038386,128.8615781975
의료법인힐링의료재단옥천성모병원,충청북도 옥천군 옥천읍 성왕로 1195,지역응급의료기관,043-730-7000,043-730-7119,36.313345842294304,127.57197742757523
의산의료재단강릉고려병원,강원특별자치도 강릉시 옥가로 30 (옥천동),응급실운영신고기관,033-642-1988,033-647-7582,37.75910092005996,128.89982468955142
이화여자대학교의과대학부속목동병원,서울특별시 양천구 안양천로 1071 (목동),권역응급의료센터,02-2650-5114,02-2650-5911,37.53654282637804,126.8862159683056
이화여자대학교의과대학부속서울병원,"서울특별시 강서구 공항대로 260, 이화의대부속서울병원 (마곡동)",지역응급의료센터,1522-7000,02-6986-5119,37.557261149,126.8362659275
인산의료재단메트로병원,"경기도 안양시 만안구 명학로33번길 8 (안양동, 메트로병원)",응급실운영신고기관,031-467-9000,031-467-9998,37.378597979767605,126.93529986382785
인성병원,강원특별자치도 춘천시 금강로 39 (낙원동),응급실운영신고기관,033-253-3030,033-259-8119,37.88124367430593,127.7268803699377
인제대학교 해운대백병원,부산광역시 해운대구 해운대로 875 (좌동),권역응급의료센터,051-797-0100,051-797-0135,35.17334313589264,129.182181239924
인제대학교부산백병원,"부산광역시 부산진구 복지로 75, 진사로83번길 81, 1층(일부), 3층 (개금동)",지역응급의료센터,051-890-6114,051-890-5995,35.146454469689104,129.02057150748322
인제대학교상계백병원,"서울특별시 노원구 동일로 1342, 상계백병원 (상계동)",지역응급의료센터,02-950-1114,02-950-1119,37.6485812672986,127.06311619032102
인제대학교일산백병원,경기도 고양시 일산서구 주화로 170 (대화동),지역응급의료센터,031-910-7114,031-910-9600,37.67436543525074,126.75031388046008
인천광역시의료원,"인천광역시 동구 방축로 217 (송림동, 인천광역시 의료원)",지역응급의료기관,032-580-6000,032-580-6119,37.47884441174466,126.66861045817642
인천광역시의료원백령병원,"인천광역시 옹진군 백령면 백령로 233, 인천광역시의료원 백령병원",지역응급의료기관,032-836-1731,032-836-1732,37.96801574541532,124.72111307252132
인천기독병원,인천광역시 중구 답동로30번길 10 (율목동),지역응급의료기관,032-270-8000,032-270-8300,37.47122873588076,126.63208102847187
인천더드림병원,인천광역시 계양구 계양대로 123(작전동),응급실운영신고기관,032-282-7575,032-282-7575,37.53499881280362,126.72225367019578
인천사랑병원,인천광역시 미추홀구 미추홀대로 726 (주안동),지역응급의료센터,032-425-2001,032-457-2119,37.4620681991805,126.680345104401
인천세종병원,"인천광역시 계양구 계양문화로 20-  (작전동, (작전동))",지역응급의료센터,032-240-8000,032-240-8119,37.5325382832,126.7368531237
인천적십자병원,"인천광역시 연수구 원인재로 263 (연수동, 인천적십자병원)",지역응급의료기관,032-899-4000,032-899-4118,37.4185669257,126.6875335314
인천힘찬종합병원,"인천광역시 남동구 논현로 72, 인천힘찬종합병원 (논현동)",지역응급의료기관,032-1899-2220,032-459-3168,37.4010623210136,126.714686842521
인하대학교의과대학부속병원,인천광역시 중구 인항로 27 (신흥동3가),권역응급의료센터,032-890-2114,032-890-2301,37.4584235016321,126.631868269228
임실군보건의료원,전북특별자치도 임실군 임실읍 호국로 1680,지역응급의료기관,063-640-3102,063-640-3119,35.61249558187053,127.28697578028248
장수군보건의료원,전북특별자치도 장수군 장수읍 장천로 247,지역응급의료기관,063-351-8000,063-350-2119,35.654664903392614,127.52014287444382
장흥우리병원,전라남도 장흥군 장흥읍 흥성로 83,지역응급의료기관,061-862-6262,061-860-0119,34.67838230801459,126.91109914454887
재단법인 베스티안재단 베스티안부산병원,부산광역시 북구 화명대로 1 (화명동),응급실운영신고기관,051-332-7575,070-7603-1721,35.235586741528486,129.00862669149657
재단법인베스티안재단베스티안병원,충청북도 청주시 흥덕구 오송읍 오송생명1로 191-0,지역응급의료기관,043-910-7575,043-904-8925,36.6364279047,127.3216412104
재단법인베스티안재단베스티안서울병원,서울특별시 성동구 왕십리로 382 (하왕십리동),응급실운영신고기관,02-3452-7575,02-6211-7965,37.5651102845783,127.028019796271
재단법인아산사회복지재단보령아산병원,충청남도 보령시 죽성로 136 (죽정동),지역응급의료기관,041-930-5114,041-930-5333,36.38113998244595,126.62282846665184
재단법인아산사회복지재단서울아산병원,"서울특별시 송파구 올림픽로43길 88, 서울아산병원 (풍납동)",지역응급의료센터,02-3010-3114,02-3010-3333,37.526563966361216,127.10823825113607
재단법인아산사회복지재단정읍아산병원,전북특별자치도 정읍시 충정로 606-22 (용계동),지역응급의료센터,063-530-6000,063-530-6129,35.58899495218047,126.82346011194952
재단법인예수병원유지재단예수병원,"전북특별자치도 전주시 완산구 서원로 365 (중화산동1가, 예수병원)",지역응급의료센터,063-230-8114,063-230-8280,35.81440117465108,127.13325187439274
재단법인일신기독교선교회 일신기독병원,부산광역시 동구 정공단로 27 (좌천동),응급실운영신고기관,051-630-0300,051-630-0415,35.13550455261155,129.0545970475024
재단법인천주교부산교구유지재단 메리놀병원,부산광역시 중구 중구로 121 (대청동4가),지역응급의료기관,051-465-8801,051-461-2300,35.107580971280804,129.03246380102908
전남대학교병원,광주광역시 동구 제봉로 42 (학동),권역응급의료센터,1899-0000,062-220-6801,35.141852541291165,126.92158688926376
전라남도강진의료원,전라남도 강진군 강진읍 탐진로 5,지역응급의료기관,061-433-2167,061-430-1109,34.63681860822126,126.75789950922355
전라남도순천의료원,전라남도 순천시 서문성터길 2 (매곡동),지역응급의료기관,061-759-9114,061-759-9119,34.95798908690572,127.48303613267494
전북대학교병원,전북특별자치도 전주시 덕진구 건지로 20 (금암동),권역응급의료센터,063-250-1114,063-250-1131,35.84697279303408,127.1393674038135
전북특별자치도군산의료원,"전북특별자치도 군산시 의료원로 27 (지곡동,(지곡동, 군산의료원))",지역응급의료센터,063-472-5000,063-472-5130,35.95497072788432,126.71189936455204
전북특별자치도남원의료원,전북특별자치도 남원시 충정로 365 (고죽동),지역응급의료센터,063-620-1114,063-620-1119,35.43189945917936,127.40719103150715
전주고려병원,전북특별자치도 전주시 덕진구 안덕원로 367 (산정동),응급실운영신고기관,063-240-7300,063-240-7330,35.839839476593305,127.16713261021835
제일병원,경상남도 진주시 진주대로 885 (강남동),지역응급의료센터,055-750-7123,055-750-7119,35.1793997485,128.0899464997
제주대학교병원,"제주특별자치도 제주시 아란13길 15-  (아라일동,제주대학교병원 (아라일동))",지역응급의료센터,064717-1114,064-717-1114,33.46727330825531,126.54525733713078
제주특별자치도 서귀포의료원,제주특별자치도 서귀포시 장수로 47 (동홍동),지역응급의료센터,064-730-3000,064-730-3001,33.255354935811724,126.56420131670261
제주한라병원,"제주특별자치도 제주시 도령로 65-  (연동, (연동))",권역응급의료센터,064740-5000,064-740-5159,33.489946745300735,126.48507635686154
조선대학교병원,광주광역시 동구 필문대로 365 (서석동),권역응급의료센터,1811-7474,062-220-3280,35.13854706991291,126.92683853357782
조은오산병원,경기도 오산시 오산로 307 (오산동),응급실운영신고기관,1544-5355,031-373-8119,37.15432658078726,127.06824064919108
좋은문화병원,부산광역시 동구 범일로 119 (범일동),지역응급의료기관,051-644-2002,051-630-0909,35.1407239889452,129.05906375734872
중앙대학교광명병원,경기도 광명시 덕안로 110(일직동),지역응급의료센터,1811-7800,02-2222-1351,37.4245974351169,126.885910072451
중앙대학교병원,서울특별시 동작구 흑석로 102 (흑석동),지역응급의료센터,1800-1114,02-6299-1338,37.50707428493414,126.96079378447554
진도한국병원,전라남도 진도군 진도읍 남문길 48,지역응급의료기관,061-544-2051,061-244-2310,34.482432541575456,126.26412429142383
진안군의료원,전북특별자치도 진안군 진안읍 진무로 1145-0,지역응급의료기관,063-430-7000,063-430-7119,35.79518695884379,127.43207008323515
진주고려병원,"경상남도 진주시 동진로 2 (칠암동, 진주고려병원)",지역응급의료기관,055-751-2500,055-751-2525,35.17849131749577,128.09223855742437
진주복음병원,경상남도 진주시 진양호로 370 (신안동),지역응급의료기관,055-749-7110,055-749-7119,35.185376569664825,128.06939115519654
진주세란병원,경상남도 진주시 진주대로 829 (주약동),응급실운영신고기관,055-760-7578,055-760-7575,35.17448762105697,128.09295064588534
차의과학대학교 강남차병원,"서울특별시 강남구 논현로 566, 강남차병원(역삼동650-9, 606-4, 605외2필지(지하7층~지하1층, 지상2층~7층)) (역삼동)",응급실운영신고기관,02-3468-3000,02-3468-3060,37.506800025850865,127.03466865188072
차의과학대학교부속구미차병원,경상북도 구미시 신시로10길 12 (형곡동),권역응급의료센터,054-450-9700,054-450-9998,36.11452808183706,128.34054647885028
차의과학대학교분당차병원,경기도 성남시 분당구 야탑로 59 (야탑동),권역응급의료센터,031-780-5000,031-780-5840,37.4101145912911,127.125083678928
참조은병원,경기도 광주시 광주대로 45 (경안동),지역응급의료센터,1600-9955,031-881-9119,37.41095382720454,127.26022384023878
창원경상국립대학교병원,"경상남도 창원시 성산구 삼정자로 11 (성주동, 창원경상대학교병원)",지역응급의료센터,055-214-2000,055-214-1339,35.19921298418469,128.7078072393552
창원파티마병원,경상남도 창원시 의창구 창이대로 45 (명서동),지역응급의료센터,055-270-1000,055-270-1119,35.2372418321,128.6444852768
창원한마음병원,경상남도 창원시 의창구 용동로57번길 8 (사림동),지역응급의료센터,055-225-0000,055-225-0350,35.2379796340839,128.699059273138
철원병원,강원특별자치도 철원군 갈말읍 명성로 208-0,지역응급의료기관,033-452-5011,033-450-3300,38.15033057072112,127.30802768817259
첨단종합병원,광주광역시 광산구 첨단중앙로170번길 59 (쌍암동),지역응급의료센터,062-601-8000,062-601-8119,35.22113373578457,126.84530205666944
청송군보건의료원,경상북도 청송군 청송읍 의료원길 19,지역응급의료기관,054-870-7100,054-870-7119,36.43104059070308,129.0526608512385
청양군보건의료원,충청남도 청양군 청양읍 칠갑산로7길 54,지역응급의료기관,041-942-3401,041-940-4951,36.45529646339589,126.80455836964052
청주성모병원,충청북도 청주시 청원구 주성로 173-19 (주중동),지역응급의료센터,043-219-8000,043-219-8119,36.673801330174406,127.48546957073641
청주현대병원,충청북도 청주시 흥덕구 비하로 65 (비하동),응급실운영신고기관,043-237-2114,043-237-1119,36.632987414750296,127.42463434124867
추병원,경기도 의정부시 평화로 650 (의정부동),지역응급의료기관,031-845-7777,031-845-8313,37.7499600932,127.0450970956
충남대학교병원,"대전광역시 중구 문화로 282 (대사동, 충남대학교병원)",권역응급의료센터,1599-7123,042-280-8129,36.31696055071064,127.41546133417684
충북대학교병원,"충청북도 청주시 서원구 1순환로 776-0 (개신동,충북대학교병원)",권역응급의료센터,043-269-6114,043-269-6114,36.624166824834546,127.4614360502226
충주미래병원,"충청북도 충주시 국원대로 99-0, 0동 (교현동,미래병원)",응급실운영신고기관,043-852-9119,,36.9804284762737,127.927925696639
충청남도공주의료원,충청남도 공주시 무령로 77 (웅진동),지역응급의료기관,041-962-1111,041-962-1365,36.45905455773722,127.10921562289595
충청남도서산의료원,충청남도 서산시 중앙로 149 (석림동),지역응급의료센터,041-689-7000,041-689-7119,36.77556877677842,126.46515725738562
충청남도천안의료원,충청남도 천안시 동남구 충절로 537 (삼룡동),지역응급의료기관,041-570-7200,041-570-7119,36.775359921186194,127.17992025598447
충청남도홍성의료원,충청남도 홍성군 홍성읍 조양로 224,지역응급의료센터,041-630-6251,041-630-6119,36.59933992060475,126.67440672396913
충청북도 청주의료원,"충청북도 청주시 서원구 흥덕로 48-0 (사직동,청주의료원)",지역응급의료기관,043-279-2300,043-279-0119,36.6401389722304,127.473087555201
충청북도충주의료원,충청북도 충주시 안림로 239-50 (안림동),지역응급의료기관,043-871-0114,043-871-0119,36.97956732195825,127.9703586011334
칠곡경북대학교병원,"대구광역시 북구 호국로 807, 칠곡경북대학교병원(임상실습동 1~11층 포함) (학정동)",지역응급의료센터,053-200-2000,053-200-2100,35.9560830613237,128.564408469835
큐병원,부산광역시 사하구 낙동남로 1401 (하단동),응급실운영신고기관,051-207-4343,051-207-4044,35.10658381193713,128.96489218029475
태안군보건의료원,충청남도 태안군 태안읍 서해로 1952-16,지역응급의료기관,041-671-5300,041-671-5319,36.75191402131483,126.32320735565844
태황의료재단한성병원,경상남도 창녕군 창녕읍 교리1길 2,지역응급의료기관,0555305000,055-530-5119,35.5421522771,128.4934147264
평창군보건의료원,강원특별자치도 평창군 평창읍 노성로 11,지역응급의료기관,033-332-4000,033-330-4812,37.360577433652736,128.3890508672411
포항성모병원,경상북도 포항시 남구 대잠동길 17 (대잠동),권역응급의료센터,054-272-0151,054-260-8600,36.01585627687779,129.33981334567275
포항세명기독병원,경상북도 포항시 남구 포스코대로 351 (대도동),지역응급의료센터,054-275-0005,054-289-1711,36.0181008246,129.3615706051
하나병원,"경상남도 사천시 사천읍 진삼로 1468-8, 하나병원",응급실운영신고기관,055-855-1112,070-4567-9611,35.0822158154719,128.086480599028
하남성심병원,광주광역시 광산구 용아로 259 하남성심병원 (산정동),지역응급의료기관,062-953-6000,062-958-1250,35.1664063968,126.800894228816
하늘정형외과의원,"인천광역시 중구 하늘중앙로 193, 조양타워 6층(일부),7층 605호, 701호 (중산동)",응급실운영신고기관,032-747-1321,,37.48951057425082,126.5632024449348
하동중앙의원,경상남도 하동군 하동읍 연화길 6,응급실운영신고기관,055-883-0222,055-883-0222,35.07144347237017,127.75322730361014
학교법인 춘해병원,"부산광역시 부산진구 중앙대로 605, 지상1층~지상9층 (범천동)",지역응급의료기관,051-638-8000,051-608-0119,35.147036979509224,129.05854773411613
학교법인)동의병원,"부산광역시 부산진구 양정로 62, 지상2ㆍ3ㆍ10층 각 일부/ 지하1ㆍ지상1ㆍ지상4~지상8층 전층 (양정동)",지역응급의료기관,051-867-5101,051-850-8777,35.169922174960384,129.0767443760438
학교법인가톨릭학원가톨릭대학교대전성모병원,대전광역시 중구 대흥로 64 (대흥동),지역응급의료센터,042-220-9114,042-220-9118,36.32302490017959,127.42027313317438
학교법인가톨릭학원가톨릭대학교서울성모병원,서울특별시 서초구 반포대로 222 (반포동),지역응급의료센터,0215881511,02-2258-2370,37.501800804785276,127.00472725970137
학교법인건양교육재단건양대학교병원,"대전광역시 서구 관저동로 158, 건양대학교병원 (관저동)",권역응급의료센터,1577-3330,042-600-9119,36.306711701457246,127.34263046359918
학교법인건양교육재단건양대학교부여병원,충청남도 부여군 부여읍 계백로 200,지역응급의료기관,041-837-1200,041-837-1201,36.275554094438235,126.90169662482884
학교법인고려중앙학원고려대학교의과대학부속병원(안암병원),"서울특별시 성북구 고려대로 73, 고려대병원 (안암동5가)",권역응급의료센터,1577-0083,02-920-5374,37.58715608002366,127.02647086385966
학교법인동은학원순천향대학교부속천안병원,충청남도 천안시 동남구 순천향6길 31 (봉명동),권역응급의료센터,041-570-2114,041-590-7019,36.8023584971179,127.135666806479
학교법인성균관대학삼성창원병원,"경상남도 창원시 마산회원구 팔용로 158 (합성동, 삼성창원병원)",권역응급의료센터,055-233-8899,055-233-6119,35.242599227316994,128.592430520838
학교법인울산공업학원울산대학교병원,"울산광역시 동구 대학병원로 25, 울산대학교병원 (전하동)",권역응급의료센터,052-250-7000,052-250-7000,35.5200593154,129.4288047478
학교법인을지학원대전을지대학교병원,대전광역시 서구 둔산서로 95 (둔산동),지역응급의료센터,042-611-3000,042-259-1119,36.355068712678154,127.38199955857135
학교법인을지학원의정부을지대학교병원,"경기도 의정부시 동일로 712, 을지대학교 의정부캠퍼스 및 부속병원 (금오동)",지역응급의료센터,031-951-1000,031-8074-0119,37.7518290378344,127.050695679688
한강수병원,"서울특별시 영등포구 영등포로 83, 한강수병원 (양평동1가)",응급실운영신고기관,02-1800-7119,02-2063-8413,37.5224047841717,126.890913736375
한국보훈복지의료공단 부산보훈병원,부산광역시 사상구 백양대로 420 (주례동),지역응급의료기관,051-601-6000,051-601-6180,35.15333436517864,129.00656514354415
한국보훈복지의료공단 인천보훈병원,"인천광역시 미추홀구 인주대로 138, 인천보훈병원 지(1,2),1~7층 (용현동)",응급실운영신고기관,032-363-9800,,37.4557028395,126.6526043685
한국보훈복지의료공단대구보훈병원,대구광역시 달서구 월곡로 60 (도원동),지역응급의료기관,053-630-7000,053-630-7014,35.80313747018647,128.55164640976287
한국보훈복지의료공단중앙보훈병원,서울특별시 강동구 진황도로61길 53 (둔촌동),지역응급의료센터,02-2225-1111,02-2225-1100,37.528220900896635,127.14671886173552
한국원자력의학원원자력병원,"서울특별시 노원구 노원로 75, 한국원자력의학원 (공릉동)",지역응급의료기관,02-970-2114,02-970-2620,37.628815981330355,127.08269315796588
한림대학교강남성심병원,"서울특별시 영등포구 신길로 1 (대림동, 강남성심병원)",지역응급의료센터,02-829-5114,02-829-5119,37.4932492859,126.9086725295
한림대학교동탄성심병원,경기도 화성시 큰재봉길 7 (석우동),지역응급의료센터,031-8086-3000,031-8086-2119,37.216650193541184,127.08000809235827
한림대학교성심병원,경기도 안양시 동안구 관평로170번길 22 (평촌동),권역응급의료센터,031-380-1500,031-380-1000,37.3916511961,126.9619708207
한림대학교춘천성심병원,강원특별자치도 춘천시 삭주로 77 (교동),권역응급의료센터,033-240-5000,033-240-5219,37.88413581388737,127.73989454269613
한림대학교한강성심병원,"서울특별시 영등포구 버드나루로7길 12 (영등포동7가, 한강성심병원)",응급실운영신고기관,02-2639-5114,02-2639-5555,37.52346674579277,126.91033000120589
한마음병원,제주특별자치도 제주시 연신로 52   (이도이동),지역응급의료센터,064-750-9000,064-750-9119,33.4962612399279,126.54622454609037
한양대학교구리병원,경기도 구리시 경춘로 153 (교문동),지역응급의료센터,1644-9118,1644-9118,37.6012760077,127.13250756940002
한양대학교병원,서울특별시 성동구 왕십리로 222-1 (사근동),권역응급의료센터,02-2290-8114,02-2290-8284,37.559944533564746,127.04488284061982
한일병원,"경상남도 진주시 범골로 17, 한일병원 지하1 1~7층 (충무공동)",지역응급의료센터,055-759-7777,055-750-1333,35.16696519825003,128.128547657113
함양성심병원,경상남도 함양군 함양읍 고운로 70,지역응급의료기관,055-963-4322,055-964-4322,35.52046827900683,127.72924773802185
해남우리종합병원,전라남도 해남군 옥천면 해남로 597,지역응급의료기관,061530-7000,061-530-7119,34.58423738321411,126.64658297551144
해피뷰병원,광주광역시 북구 경열로 216 (유동),응급실운영신고기관,062-519-9000,062-519-9119,35.15846280570811,126.9066923373126
행복한병원,경상남도 밀양시 하남읍 수산중앙로 56-2,응급실운영신고기관,055-391-0090,,35.37461994215032,128.7114865036199
행복한병원,"대구광역시 달성군 유가읍 테크노순환로12길 4, 1층,4~6층(1층 사우나홀,113~117호,119~120호,405~407호,5층,601~607호",응급실운영신고기관,053-210-8000,053-210-8082,35.69330550768229,128.47043956090056
현대병원,경기도 남양주시 진접읍 봉현로 21,지역응급의료센터,031-574-9118~9,031-574-0114,37.715486551355895,127.17984989970033
현대병원,충청남도 아산시 시민로 388 (온천동),지역응급의료기관,041-546-3636,041-546-7744,36.78311829920936,127.00097027728451
현대유비스병원,인천광역시 미추홀구 독배로 503 (숭의동),지역응급의료기관,032-888-7575,032-890-5582,37.461743833494644,126.64314168953122
혜민병원,서울특별시 광진구 자양로 85 (자양동),지역응급의료기관,02-2049-9000,02-2049-9119,37.535315660180416,127.08360130258502
혜성병원,"경기도 남양주시 경춘로1308번길 4, 1층일부~10층 (평내동)",응급실운영신고기관,0318151119,,37.6501095660175,127.238321935956
홍익병원,"서울특별시 양천구 목동로 225, 홍익병원본관 (신정동)",지역응급의료기관,02-2693-5555,02-2600-0777,37.52844147447355,126.8636640030062
홍천아산병원,강원특별자치도 홍천군 홍천읍 산림공원1길 17,지역응급의료기관,033-430-5211,033-430-5119,37.69082165229579,127.89490721695594
화성디에스병원,"경기도 화성시 남양읍 시청로160번길 46-13, 1,3~8층",지역응급의료기관,1600-5982,031-5180-7777,37.19922971137399,126.82571090454118
화성유일병원,경기도 화성시 남양읍 남양로920번길 6,응급실운영신고기관,031-355-0119,031-351-0129,37.21778332253106,126.83265357240964
화순고려병원,전라남도 화순군 화순읍 충의로 109,응급실운영신고기관,061-370-3700,061-370-3778,35.05595373646754,126.98963562835072
화순성심병원,전라남도 화순군 화순읍 만연로 31,응급실운영신고기관,061-370-9114,061-370-9118,35.05844089636795,126.98987847235264
화순전남대학교병원,전라남도 화순군 화순읍 서양로 322,지역응급의료센터,061-379-7120,061-379-8882,35.0586707410237,127.002108292339
화천군보건의료원,강원특별자치도 화천군 화천읍 강변로 111 (화천군보건의료원),지역응급의료기관,033-441-4000,033-440-2880,38.1073824571151,127.708883438378
횡성대성병원,강원특별자치도 횡성군 횡성읍 횡성로 275,지역응급의료기관,033-343-0901,033-345-1191,37.47845901170136,127.97994775890871
효산의료재단안양샘병원,"경기도 안양시 만안구 삼덕로 9 (안양동, 안양샘병원)",지역응급의료센터,031-467-9717,031-467-9119,37.39340413136221,126.92447734066778
효산의료재단지샘병원,"경기도 군포시 군포로 591 (당동, (G샘병원)군포샘병원)",지역응급의료센터,031-389-3000,031-389-3119,37.35864464913468,126.94735972779895
효성시티병원,부산광역시 해운대구 해운대로 135 (재송동),응급실운영신고기관,051-709-3000,051-709-3119,35.18541271514478,129.12145899191526
흑룡의원,인천광역시 옹진군 백령면 백령로 831,응급실운영신고기관,032-837-6873,032-837-3153,37.959524356,124.6654985764
희명병원,서울특별시 금천구 시흥대로 244 (시흥동),지역응급의료기관,02-804-0002,02-809-0122,37.45567063464179,126.90056251863875
